label, c1,c2,c3,c4,c5,c6,c7,c8,c9,c10,c11,c12,c13,c14,c15,c16,c17,c18,c19,c20,c21,c22,c23,c24,c25,c26,c27,c28,c29,c30
iy,-0.28257881044,-0.336234057791,-0.238376868897,-0.345216239359,-0.244161503341,-0.16887214453,-0.108206944674,-0.292070975215,0.303678607123,0.378854796724,-0.323858688268,-0.431856752073,0.267065164882,-0.291734711182,0.45294442264,0.342884869529,-0.402696102091,-0.403298784923,0.206743224075,-0.357175651446,-0.340552602104,-0.0876906671969,-0.37101937248,-0.332871287857,-0.31248615418,0.23377834639,0.202608347501,0.319645290044,-0.3874099253,-0.344305701472
aa,0.317387898064,-0.381906736863,0.422282300519,-0.218343695431,0.367817288615,0.267864857443,-0.239034529226,0.190295443542,0.388431392881,0.353206295995,0.118855785442,-0.356678704878,-0.216722997445,0.347602130996,-0.134014410983,0.275743911488,-0.344329072861,-0.34420030866,-0.446561957702,-0.298036309231,-0.0657315608909,-0.271558468952,0.269055116103,-0.352970055929,-0.317109319333,0.00411256834446,0.102178618641,-0.206811983734,-0.410715272944,-0.0396885901174
en,0.0784602878068,0.0296646410252,0.188525526167,0.0706172848727,-0.0467160786998,0.0201009366894,0.0987974628786,-0.0293609060211,-0.0796819369347,-0.0718575238819,0.0108074223629,0.18539509583,0.021434215061,-0.145967360582,0.195552903701,0.00362596693134,0.0503062318272,0.0513262520438,0.0387869859188,0.0182879642074,0.154332138342,0.041306900045,0.118860612736,0.0460087824668,0.00731968298575,0.0828306533932,0.0258421853547,0.115446826383,-0.0954041294618,-0.0269609056478
ae,0.36156144885,-0.418880205429,0.33162655143,0.233692909736,-0.327535521309,-0.321810582565,0.362108981386,0.413775610281,-0.355294632489,0.396518037895,-0.159936606908,-0.397141905819,-0.30125838921,-0.247995687579,0.264473175078,0.383680457437,-0.410710466929,-0.410951091168,-0.445151324906,-0.436510552333,-0.339593491768,0.23128103994,0.354662847358,0.204103236231,-0.318797281006,-0.268578592029,0.299413935405,-0.286906157777,-0.417615086477,-0.269591800952
eh,0.23916754474,-0.353346926502,0.465109558584,-0.384795060672,-0.399703859651,0.111288118692,0.102228684303,0.324064445415,-0.3960490774,0.346910685507,0.312044041578,-0.370271420455,-0.420057240078,0.437809356436,-0.247043371864,0.44117973775,-0.390161997849,-0.390625041685,-0.108661970962,-0.271204226916,-0.352067036701,0.20921931016,0.301521411599,-0.244288581987,-0.298490295625,0.390477947016,0.275116095633,-0.410089906215,-0.397981982317,0.131214570635
el,0.0438567701114,-0.112461153196,-0.210852579529,0.0601817790162,0.175955443173,-0.149867070301,-0.302608682616,-0.117611283597,0.295754665252,0.0847897772081,0.137306625503,-0.0459483756669,0.134481816524,-0.190075190913,0.104365010898,0.0984622586442,-0.0519764582438,-0.0502506947454,0.0316018177529,-0.0640321927383,0.0154935588526,-0.108946252942,0.0131080097542,-0.0273655950985,0.0955962265732,0.0441004050964,0.177822218099,0.0938251935246,-0.0947282788317,-0.122822156347
ah,0.413944093752,-0.3492505097,0.476173765098,-0.443840389948,-0.342677098338,-0.381226307049,0.0336660638829,-0.29556311357,-0.323111891684,0.370757991653,0.428980956016,0.237586767074,-0.0171441700427,0.368052348916,0.352038075371,0.0897843566543,-0.368658072157,-0.369653413726,-0.399680267684,-0.373359551951,-0.259305170629,-0.425108357548,0.168120797182,-0.445524252022,-0.136762577276,0.276811779036,0.288978665895,0.237383399005,-0.465657682694,0.340324339931
ahn,0.0435813244065,-0.00490250731639,0.10410002769,0.0428629286632,0.00732262391175,0.00648475800287,-0.0471135415405,0.0274409069811,0.0157991355569,-0.00529827006378,-0.00573620218719,0.0422438913882,0.0266471434657,-0.0191817655244,0.0325566116966,0.0214083963545,0.0165510201219,0.0166559442867,-0.0412781564256,-0.0540169529303,0.0605839505416,0.0137583462474,0.0988273854075,-0.0137498449692,-0.0443862145488,0.0349875413751,-0.0947738996984,0.0866237204969,-0.0692830148102,0.0466721816058
ow,-0.263118623263,-0.278071961448,0.223963719018,-0.235907513026,0.431997368625,0.353223610269,-0.379615911555,-0.215498244148,-0.357263597802,0.230523085207,-0.285716703756,-0.031886667653,-0.157897896791,0.30564007743,0.401041398765,0.350043275282,-0.283291670114,-0.283703445665,-0.286697592493,-0.335484887793,0.408496691981,-0.00249569109824,-0.26264828732,-0.329016337528,0.256445718055,-0.181649089126,0.247236155978,-0.279037378117,-0.310843952166,0.270043552795
ao,0.294883530564,-0.319471149685,0.23503860048,-0.42502622698,0.319893259609,0.408682519057,-0.22433388283,0.401114857794,0.313952856506,0.269107671757,0.400083931981,-0.371078770148,-0.116706781806,0.209320474309,0.0912749655009,0.350598977415,-0.286395573031,-0.285901664678,0.299792294113,-0.254852987824,-0.0158881689642,-0.160763426807,0.173042758901,-0.360158673985,-0.291208744901,0.262756055739,-0.31284442811,-0.206987063542,-0.20743987206,0.327354679549
w,0.255560029358,0.350235339529,0.465513511635,0.368747905555,0.360354846651,0.3726681096,0.394156230394,0.422944375299,0.341685096326,-0.379813209191,-0.230268451178,0.151232543079,0.401544648716,-0.189821987498,0.377034544865,-0.00613666463288,0.315700791824,0.317504364523,0.151900697345,0.34079751762,0.332523232888,0.270129427642,-0.27435044843,0.350607525418,-0.113428656942,0.352962840821,0.252888268414,0.474559057868,0.365921893941,0.345104699692
ih,0.347790834174,-0.428593486393,0.391444600137,-0.279614198762,-0.378276023229,0.414629123955,0.433608534452,-0.394691827716,-0.441258362127,0.388785504901,0.377801430046,0.41069694165,-0.434672613787,-0.469434623039,0.381046562149,0.467475007431,-0.392131202388,-0.391394290599,0.371301693268,-0.392570182091,-0.384948495809,-0.383076652395,0.446009847657,-0.20080464844,-0.425321010158,0.33420078832,-0.487247293089,-0.451040157252,-0.396365422046,-0.49840366298
ch,-0.0446174813785,0.258424556149,0.0301172927585,-0.0300436536011,0.251435969752,0.191966421858,-0.104833801694,0.325083343504,0.15077549624,-0.184943385066,-0.112299637636,-0.00769597156269,-0.0509750358298,0.189398380935,-0.136562216623,-0.0803040096658,0.230630489468,0.229379487131,0.114254119087,0.13170355507,0.14537615947,0.159635654406,0.079899322017,-0.285488610446,-0.126714907566,0.0763663271951,-0.163997754716,0.180857890255,0.258978502095,0.273746536228
ey,0.243594947179,-0.27077313047,0.176729047022,-0.26331338859,-0.377362555016,-0.309418316145,0.253596276062,0.116686157864,-0.293976894102,0.319079150953,0.0816272324524,-0.338222726674,-0.118249332186,-0.376534474489,-0.0114300093918,0.250303775213,-0.240644180075,-0.241007432615,0.314522304375,-0.291178253798,-0.253302538325,-0.165418491329,-0.165491628947,-0.322689726132,0.154691195944,-0.28388474341,0.194436084278,-0.0270424363806,-0.160650203328,-0.01503330766
aw,0.108647280746,-0.233037870767,0.300260697607,0.151740164553,0.0720144859392,0.033353736849,-0.0219733127867,-0.0388335124155,0.0200108984626,0.193472792447,-0.149275071638,-0.174754159269,-0.26688992794,0.00360942094212,0.109043742281,0.203376142238,-0.198795501911,-0.198411268426,-0.381476531992,-0.208980084956,-0.110553481853,-0.0432825007423,0.295786547774,-0.0192751498235,-0.170547728823,-0.0196960189842,0.208884350941,0.00575830915706,-0.352326225651,-0.234273843498
ay,-0.00162925527528,-0.354401882063,0.421517162957,-0.389359313848,-0.314424323243,-0.383485754699,0.36335581719,0.383966399319,0.17683902887,0.257046279993,-0.321828674203,-0.292145104513,0.32386972922,-0.245132080817,0.339193135747,-0.29938908853,-0.337193927142,-0.338182347501,-0.369276886577,-0.347041322028,0.385066634497,-0.374033896174,-0.248800658636,-0.353009602392,-0.157334243574,-0.0403202820197,-0.418730973145,-0.218382281364,-0.427627172819,-0.186270370787
zh,-0.0190244128208,0.116700885785,0.0460145597383,0.130472613788,0.0765654272718,0.0314873385445,-0.0515642751067,0.0703092727354,0.01851435427,-0.103996737364,-0.0772431737217,0.071746066101,0.0448728210822,-0.00745849372287,-0.0214000659833,-0.0717433354925,0.132563535489,0.132306262246,0.0132507260142,-0.0053832896078,0.0965961818587,0.0688016891281,0.0347747017617,-0.0403357430543,-0.0478372286119,0.0270087350505,-0.166205714633,0.128065309351,0.0573243135133,0.0670306178818
tq,-0.366511959642,0.212238411746,-0.13373375821,0.0914842237348,0.350229814489,-0.22363116178,-0.32219591425,-0.0547253658305,-0.289883785416,-0.184793667399,-0.101960089831,0.0308408748244,0.103191324147,0.20378961062,-0.247757728317,-0.381479959849,0.178733775538,0.172702620314,-0.406735925281,-0.218314391695,0.410947039257,0.300221140625,0.115507287964,-0.3174652374,0.277409698064,0.0142032274196,-0.527229736597,0.076827926268,-0.298546514943,0.0586025852631
er,0.0129042724457,-0.32704168696,-0.273905721551,-0.319689588004,-0.14407265126,-0.359982105203,-0.164811859992,-0.0449819756042,-0.0701672449763,0.24453081851,0.394396948266,0.322541296997,0.33378110989,-0.222718535314,-0.0586081871158,0.300901219383,-0.282349905266,-0.280160566337,0.316618467677,-0.210989153589,-0.264777344559,-0.193743155335,-0.0802205787677,0.231521370273,0.155054306123,-0.249485407363,0.179143258898,-0.308696857745,-0.262357130632,0.241697386857
#,0.0297081377352,0.0513539716419,0.0976800140474,0.0660580092633,0.0496692972516,0.0214516607269,-0.0282567950259,0.0553981736889,0.0355153512273,-0.0555571292899,-0.0178190385691,0.0399438481066,0.0318512119715,-0.00340976550553,0.016767977312,-0.0349721997695,0.0756004993564,0.0756284418244,-0.0151299665097,-0.0160025230223,0.105354430475,0.0344217105832,0.091280337215,-0.0448656580071,-0.0370058965145,0.0242317920173,-0.121980103656,0.102143771359,-0.0129686447826,0.0545768619864
ayn,0.0305371839974,0.0463176794686,0.096018244739,0.0628711483335,0.0517344112909,0.0173383824835,-0.0300819708049,0.0563446391931,0.0372167686323,-0.0520540768738,-0.0146992590022,0.0389595021794,0.0334269025161,-0.00783767485049,0.0180470713984,-0.0325934907075,0.0713237496107,0.0713739904305,-0.0148545391751,-0.0182883922487,0.10325537899,0.0289804433345,0.0886524958598,-0.0461591053697,-0.032951917176,0.0215756299222,-0.118574242546,0.100521716615,-0.0156639413889,0.0547269304927
eng,0.03923086405,0.0468960483393,0.101300821389,0.0692620424212,0.0417872826302,0.02053988675,-0.0256739773834,0.0615534681868,0.0349364923237,-0.0492435541053,-0.016771111277,0.0372263506738,0.0293214821985,-0.00180950371113,0.015016286587,-0.0307596179919,0.0730870438909,0.0731458506561,-0.0113509432708,-0.0218995425852,0.100297850354,0.0262024071501,0.0886905848464,-0.0477468030321,-0.0460523783184,0.0221683671256,-0.124513042995,0.0907616718403,-0.00747071162311,0.0523392456838
aan,0.0492565811478,0.0248335112752,0.106580265437,0.0415728429978,0.0309635069534,0.00347929163663,-0.0289373002043,0.0534586902453,0.0367218780607,-0.0220903213693,0.00470249416868,0.038477398953,0.0279305629242,-0.0181997667761,0.0093900356791,-0.0193824263596,0.0485600362733,0.0486222199797,-0.0210460860251,-0.040346489411,0.0816829534182,0.0140046259633,0.10624219985,-0.0603004883092,-0.0452746002285,0.0229137444473,-0.10135606623,0.0944811798846,-0.0401415162582,0.0563157068273
eyn,0.0352732351144,0.0449611287885,0.104199005193,0.0626250958198,0.0420344325853,0.0190822473127,-0.0199879267262,0.0567322927257,0.0261886498265,-0.0492790396003,-0.0144767325715,0.0404991163163,0.023985358905,-0.00329510523275,0.021062944906,-0.0265352655397,0.0696214424875,0.0696747052409,-0.0142850345261,-0.0210049174897,0.102327447757,0.0325313337799,0.098763841991,-0.0440616200284,-0.0388803797632,0.0246020819428,-0.113324270908,0.090604740632,-0.0171495545373,0.0547129280075
nx,-0.277099428432,0.407109925107,-0.0265177612787,0.475491677649,0.0823410450508,-0.321067366881,-0.347708818779,-0.118539272651,0.205472285594,-0.385824754225,-0.289088586569,0.279451693245,0.333964125313,0.206782986229,-0.311213457408,-0.223995711884,0.446812141865,0.447011528809,-0.306690215481,0.377868465369,0.447702946965,0.321298607979,0.399479712904,0.288541523488,0.232169373053,0.33189866643,-0.396004585408,0.200777485633,0.361032182579,-0.0782556618378
oyn,0.0344482525867,0.0392677419765,0.0981840451976,0.0624264307809,0.0480058873453,0.0198608681052,-0.0294798384853,0.0545301136136,0.0381574698051,-0.045151738605,-0.0130901824837,0.034410709181,0.0260229854337,-0.00780801181773,0.0155759652415,-0.0256101775958,0.0654609402289,0.0655350365394,-0.0184993612935,-0.0235587638406,0.0984685306633,0.0276500805537,0.0976498742797,-0.0455981968721,-0.040026603138,0.0227362449708,-0.113929351561,0.0935990841736,-0.0231926142402,0.0474953493052
r,0.378498116996,-0.334857525654,-0.311619938967,0.339677435299,0.399305513841,-0.188705378655,-0.343284539704,-0.354280608143,0.415630675135,-0.179846833252,0.42283537964,0.332505589705,0.157373604835,-0.405088496499,-0.377806860087,0.109713798062,0.255308273766,0.265334921314,0.0553844499245,0.341920918225,0.420821174212,-0.356662095617,0.348406682612,0.448269330193,0.431608184071,-0.356532141436,0.236281758564,-0.346226706684,0.120133448232,-0.337135252917
th,-0.144070378017,0.266257893554,0.0555632391461,0.14570456185,0.203367373981,0.161113846003,0.0786964984352,0.247369178487,0.0658688624543,-0.256343037893,-0.0557213497298,0.0428759617575,0.227594760516,0.199764770593,-0.160906342242,-0.0876083647223,0.27015084259,0.269339464491,0.185887318629,0.0834346554591,0.0810674422029,0.122682811804,-0.0736059229191,-0.174914383614,-0.151672990368,0.000469055926452,-0.321025629495,0.2888888336,0.248410684971,0.253117008917
t,-0.258091232483,0.372127516326,0.190512512177,-0.372831412269,0.306650091816,0.00432415229384,-0.213957895497,0.339963940627,-0.273734832779,-0.248315660021,-0.190235156088,0.436804423251,-0.337554586012,-0.437042129912,-0.206880231463,-0.302009867046,0.351157375326,0.350619539569,0.374579265396,0.218162814339,0.397463409043,0.204903869237,0.397126705313,-0.46155755256,0.262023822798,-0.268644025075,-0.0147262099214,0.405950323152,0.0326174692191,0.422370879424
ehn,0.0421560850412,0.0201544658108,0.0948794600107,0.0501974062172,0.0151571894367,-0.000953105743027,-0.00350909983934,0.0537202551069,0.0285528383445,-0.0323847857249,-0.00327746379145,0.0232111919442,0.0339896683062,-0.00686414191757,0.0188928132067,-0.00929648021179,0.0445717963396,0.0446910145981,-0.00348653555768,-0.0346040274022,0.0647147709274,0.0132350233764,0.0716915498627,-0.0295072740054,-0.040119234066,0.0194044754279,-0.085598234145,0.0783257822526,-0.0341125162538,0.0477335440529
<,0.0159862468691,0.0439162077934,0.0847649706812,0.0684799638915,0.0532326363304,0.0190965766236,-0.0326473150008,0.0470149966335,0.0266247215894,-0.0559144004315,-0.018459650061,0.0417160576494,0.0330881280221,-0.000204199723146,0.0119494675203,-0.0277849538949,0.0698785878568,0.0699098053765,-0.0181257271064,-0.0214553377144,0.0950243024144,0.0328633016406,0.081386819178,-0.0361836822119,-0.0302793185809,0.0244886107138,-0.114688040631,0.0971693827087,-0.0213986192062,0.0540675072237
>,0.0304863898742,0.0546797492385,0.10894638575,0.0691064099306,0.0440096796008,0.0286063301614,-0.00187492326142,0.0598374934952,0.037598711826,-0.0628426556535,-0.00988612302979,0.0298706715255,0.0287395080404,0.0163584672706,0.0306052519295,-0.0405044100154,0.0754853879122,0.0754200638658,-0.023857743238,-0.0100454476797,0.105361797062,0.0305960142134,0.100866910328,-0.0425017811647,-0.0387546007063,0.024407983946,-0.134285971327,0.101069299924,-0.0135240986353,0.0506254351086
ng,0.21019336103,0.280084166241,-0.344052388441,0.38825905806,-0.292760100358,-0.402251007896,-0.460962728353,0.239040408142,-0.331916491892,0.0493305047105,-0.283036896654,0.288115218158,-0.133591456039,-0.146344700785,-0.148289982108,-0.349894652921,0.313879003461,0.311806263632,0.16000645029,-0.395980528287,0.400414793277,0.0963378231784,-0.0446858945961,-0.394940947859,-0.35084872585,-0.0362935589479,-0.490176919517,-0.416260468302,0.357311596434,-0.186933411672
dh,0.317533431868,0.382355917635,-0.227458708972,-0.0935121834366,-0.329240041832,0.481228100986,0.453474025801,-0.313249625597,0.422522704617,-0.372139898672,-0.304084478149,0.30343148551,0.358806101369,0.142886242829,-0.118825926108,-0.381304072112,0.401862734311,0.402928303345,0.2876954845,0.42023547801,0.420249044943,0.293863952499,-0.272914223768,0.397533247974,-0.261311766709,-0.429978916313,0.28100213287,0.444797104877,0.38429444312,0.355215500626
uhn,0.0297081377352,0.0513539716419,0.0976800140474,0.0660580092633,0.0496692972516,0.0214516607269,-0.0282567950259,0.0553981736889,0.0355153512273,-0.0555571292899,-0.0178190385691,0.0399438481066,0.0318512119715,-0.00340976550553,0.016767977312,-0.0349721997695,0.0756004993564,0.0756284418244,-0.0151299665097,-0.0160025230223,0.105354430475,0.0344217105832,0.091280337215,-0.0448656580071,-0.0370058965145,0.0242317920173,-0.121980103656,0.102143771359,-0.0129686447826,0.0545768619864
aon,0.0249681864435,0.0395737934249,0.096092364937,0.0613591141598,0.0462430265461,0.0203736222525,-0.0265892654235,0.0476588715833,0.036801372704,-0.045586822979,-0.0230709368328,0.0356290841548,0.0397126365011,-0.00856722593858,0.0226786939987,-0.0277056592355,0.0630143862878,0.0630610457328,-0.0178382003628,-0.0265594101531,0.0988233465221,0.0298937943754,0.0781603042629,-0.0421642596502,-0.0392507776474,0.0272272380551,-0.115284640677,0.0975874532346,-0.023999234453,0.049283412484
aen,0.0651001728482,0.0155909615538,0.119690473645,0.0690672711758,0.0434459964797,0.0125961172388,-0.015973386451,0.0661626508266,0.0364853330007,-0.0204623565844,-0.00887372370555,0.0181870291301,0.0118693697983,-0.0272279395726,0.0237374160391,-0.0132258951995,0.0463720717302,0.0464778531905,-0.0447623366133,-0.0434501914362,0.0889354371603,0.0164864243864,0.118783663279,-0.0524861618357,-0.0471691178254,0.0129937189895,-0.10047118452,0.0918750505146,-0.0367246921737,0.0415789547503
awn,0.0305397474459,0.0476112242597,0.0995694970482,0.0659462874376,0.0496511318774,0.0211236370405,-0.0246927478749,0.0578353105565,0.035298279563,-0.0531167050419,-0.0196040058286,0.0356109471194,0.0308796873315,-0.00600696990739,0.0172511863245,-0.0342133079804,0.0718465714549,0.0718546406964,-0.0180239189829,-0.0198312848655,0.101453485694,0.0331113430206,0.089557990697,-0.0466374991932,-0.0407283167641,0.0272394370845,-0.125769909419,0.100013576139,-0.0161887277184,0.0493099545856
hh,-0.329528428999,0.258836403708,-0.271565359118,0.217310469102,-0.307132302153,0.336441620124,0.380045826535,-0.101388763256,0.311313740417,-0.4122099301,0.030223809166,-0.36989790028,-0.220917538919,0.452703531023,0.367840938454,-0.238741032291,0.2384631065,0.236810406531,0.0379097288827,0.351807128825,0.313011638854,-0.295455672819,0.229481489954,0.39533107609,0.406851862857,-0.316782817681,-0.131204302974,0.332366255847,0.258065800331,0.249747128802
jh,-0.163463834969,0.227851836481,0.0592915224439,0.25261269762,0.117032076596,0.170035135002,-0.0592740818329,0.102790543293,0.0449263834511,-0.220490671992,-0.230674513274,0.0740324419651,0.0653126664355,-0.0179521610086,-0.174756172346,-0.110263805683,0.262640841457,0.26279855408,0.129499726611,0.0725389450096,0.0423738876423,0.0531460323341,-0.105782212074,0.0167432566557,-0.0461637817605,0.0112571248373,-0.23752855821,0.277656750239,0.216290127895,0.17821639678
ahl,0.0297081377352,0.0513539716419,0.0976800140474,0.0660580092633,0.0496692972516,0.0214516607269,-0.0282567950259,0.0553981736889,0.0355153512273,-0.0555571292899,-0.0178190385691,0.0399438481066,0.0318512119715,-0.00340976550553,0.016767977312,-0.0349721997695,0.0756004993564,0.0756284418244,-0.0151299665097,-0.0160025230223,0.105354430475,0.0344217105832,0.091280337215,-0.0448656580071,-0.0370058965145,0.0242317920173,-0.121980103656,0.102143771359,-0.0129686447826,0.0545768619864
dx,-0.317575500081,0.321630809012,-0.207084509844,0.356142248894,0.444764780263,-0.0223014504519,-0.162179985266,0.0892065736045,0.302754962623,-0.410086646703,-0.26542770894,-0.0513415927417,0.42021744236,-0.124017695975,-0.32038369704,-0.332418409655,0.367161461066,0.365706538673,-0.226822087082,0.24360952357,0.348939963288,0.344992748272,-0.162482382265,0.221382164086,0.279699191237,0.30340774091,-0.453819459355,0.399793623067,0.204189962657,0.0871559328544
own,0.0388334634126,-0.0233352159931,0.0977356251318,0.0456557328199,0.0324252086064,0.0186619144258,-0.0325305473291,0.0229702539485,0.00977620646577,-0.00288510304648,0.0227951635091,0.0155492896556,0.0090556981578,0.000438215895497,0.059208433047,0.022154519694,0.00300210399911,0.00300883794793,-0.0496374092581,-0.0693210567822,0.0654512995681,-0.00327710444604,0.103965603959,-0.0238278989059,-0.0315044677161,0.0338938837201,-0.119542630535,0.048587661983,-0.0876413750237,0.0266693375709
em,-0.17166766515,-0.0958476639079,-0.0584311600276,0.171598080702,0.0521250282674,-0.0905679036786,0.0814805419151,0.121019695755,0.0481879885134,0.00864451857279,-0.181501495589,-0.21856030897,0.0616722327464,0.0373363934907,0.271990242906,0.108101788424,-0.129096729031,-0.130395911517,-0.316422802808,-0.128440269568,0.0513565816213,0.115707236391,0.112925665577,0.190072969969,0.0641032318702,-0.0988058779559,0.0958743868705,0.132974683393,-0.203138057371,0.023152184082
iyih,0.0297081377352,0.0513539716419,0.0976800140474,0.0660580092633,0.0496692972516,0.0214516607269,-0.0282567950259,0.0553981736889,0.0355153512273,-0.0555571292899,-0.0178190385691,0.0399438481066,0.0318512119715,-0.00340976550553,0.016767977312,-0.0349721997695,0.0756004993564,0.0756284418244,-0.0151299665097,-0.0160025230223,0.105354430475,0.0344217105832,0.091280337215,-0.0448656580071,-0.0370058965145,0.0242317920173,-0.121980103656,0.102143771359,-0.0129686447826,0.0545768619864
b,0.337732498634,0.28622434574,0.26602046491,0.284540239317,0.21517256585,0.309642249974,-0.174717874674,-0.0354451637243,0.300861597317,-0.292211580013,0.266783784656,-0.279938681973,0.281679540718,0.203713603946,0.379302545456,-0.238843053253,0.301464342381,0.302343809014,0.210650054515,0.267716855666,0.337763097554,0.255174153132,-0.216677322101,0.303526821825,0.174033234868,0.238636036419,-0.44031892039,0.388516717505,0.230816104716,0.260402771042
d,-0.353744470879,0.33586605449,0.278063896855,0.340496222724,0.0840897828091,0.162827679826,-0.154748152929,0.0746231783797,-0.0193713764051,-0.316355111869,-0.33621771535,0.159431975114,-0.188505457568,0.119764313986,-0.301274599343,-0.324363904122,0.331670577907,0.330631940147,0.111042024923,0.0923998177877,-0.0896835907547,-0.222151697489,-0.0782101294699,-0.0622605947422,-0.161124423372,-0.247573463806,-0.466325926101,0.416569290125,-0.007111349105,-0.183079140427
g,-0.20437591922,0.339849083044,0.156838242341,0.447007939864,-0.0642482106192,0.139698351355,-0.121539653998,0.22699618312,0.0749052602536,-0.294410088977,-0.163150320811,0.111083782001,0.273203167311,0.31180456392,-0.250434193591,0.207127539862,0.346601297426,0.346674131809,0.305005326549,0.0669070733153,0.216321739097,0.0696477046575,0.25804245389,0.0410432944514,-0.252658901677,0.423869083043,-0.311245450202,0.314859844241,0.414379158454,0.225805937703
f,-0.154785540664,0.302076985599,-0.110251853004,0.148997098556,0.387444477009,0.124378177957,0.0968907364227,0.408813842553,0.240444232114,-0.238541372326,0.00702217441979,0.0495544754095,0.104665013939,0.207322492706,-0.182587428462,-0.186216296399,0.276299192784,0.274501469778,-0.112711867687,0.0620034364395,0.251917681116,0.215333328391,0.33790764055,-0.318621492209,-0.153016760035,0.106394857609,-0.272909897837,0.180494592548,0.281270751667,0.298302827899
h,0.0297888218548,0.0519979795043,0.100064515969,0.0647614270086,0.0509978190765,0.0229755203125,-0.0283149540825,0.0558806962968,0.034429482966,-0.0555308706813,-0.0183437605399,0.0408844000758,0.03203421123,-0.00459136353571,0.0190788812402,-0.0345099596948,0.0756772159922,0.075715373644,-0.0130751172081,-0.0158982833083,0.106657657167,0.0353971902119,0.0898626593419,-0.0452223932343,-0.0359983082358,0.0250214414371,-0.119181876209,0.103817338766,-0.0127608370024,0.0577328624503
k,-0.424186405981,0.400112162575,0.228771713573,0.463525416236,0.360167410588,0.260784961116,0.324245417237,0.268032936376,-0.453546356921,-0.418796920238,0.279034090652,0.359416859689,0.0590068787952,-0.0380035191655,-0.310786494253,-0.354181373514,0.413402906975,0.412968103234,0.405309473057,-0.374133511931,0.277626575343,0.146649756441,0.349585580079,-0.155631843898,-0.141218371712,0.0510126295777,-0.323371499605,0.390065747139,-0.213395077315,0.356622683356
iyn,0.0269263119959,0.0470628826402,0.103581264649,0.0621028509812,0.0475578835999,0.0168029710897,-0.0251256566432,0.0554754304065,0.030197125114,-0.0507712734577,-0.0179680570297,0.0319465506799,0.0369868238193,-0.00391607791578,0.0233296580476,-0.0315269216248,0.0693929710372,0.0694091803803,-0.014451924272,-0.0206001900322,0.100917434278,0.0362504206964,0.0811317429026,-0.0477146137851,-0.0331114909905,0.0281539209829,-0.120927433638,0.101251737469,-0.0174194087635,0.0557998088506
m,0.0948140443108,0.353667257479,0.196274824993,0.280330542195,0.337366846563,-0.272547122675,0.266069349838,-0.171175884202,0.00907767949265,-0.371009623483,0.234802359541,0.121942011034,0.337894747447,0.279543450368,0.39428379658,-0.330220110622,0.317261425051,0.314533498405,-0.322120031121,0.356598925356,0.379588969849,0.201853175074,0.250866956531,-0.35256779193,0.270947076583,-0.19621082863,-0.405265398564,0.441390959888,0.123314846304,-0.368916481931
l,0.352005792514,0.17105622106,-0.2370592316,0.380692212794,0.359260730818,-0.36790770978,-0.260511460155,-0.0390557824889,0.300610381748,-0.31218826155,0.280296550507,0.181819010323,-0.0680559331417,-0.305427129843,0.31623867504,-0.233385248438,0.321090375288,0.323127384584,-0.12299506526,0.308884378969,0.449368684872,-0.139155278832,0.360041523515,-0.132532821156,0.3278567481,0.160193198455,0.297490264937,0.284244767327,0.2204779151,-0.354822436027
o,0.0297081377352,0.0513539716419,0.0976800140474,0.0660580092633,0.0496692972516,0.0214516607269,-0.0282567950259,0.0553981736889,0.0355153512273,-0.0555571292899,-0.0178190385691,0.0399438481066,0.0318512119715,-0.00340976550553,0.016767977312,-0.0349721997695,0.0756004993564,0.0756284418244,-0.0151299665097,-0.0160025230223,0.105354430475,0.0344217105832,0.091280337215,-0.0448656580071,-0.0370058965145,0.0242317920173,-0.121980103656,0.102143771359,-0.0129686447826,0.0545768619864
n,-0.306964874006,0.383681022178,0.31057606517,0.325808933545,-0.346938368177,-0.292749621009,-0.25028769745,-0.285206714326,-0.353635222943,-0.386122915798,-0.316371996229,0.372442532327,-0.313895369391,0.196000929474,-0.259922083021,-0.399492593837,0.396960133921,0.396492731836,-0.32962778105,0.278741533977,0.476101551808,0.358948283598,0.539458513104,0.282437490819,0.121285522816,0.315842416647,-0.415624836606,-0.171366126738,-0.262539681951,-0.408498033742
p,0.148683547766,0.319682810965,0.23081936894,-0.0895170466533,0.206822460321,0.305723630636,0.121938666291,0.406485218398,0.280652895103,-0.359774467698,0.30743700561,-0.267904959706,0.0282223120182,0.344991861579,0.23043952857,0.0489899022634,0.339167555985,0.338838720138,0.335850143103,0.379323676686,0.386601644033,0.236199125716,0.349426351361,-0.0795805222538,0.0237750104899,0.469061564238,-0.463377113942,0.135938411035,0.390548623298,0.35763462297
s,0.318828990809,0.334250979713,0.395133316187,0.405632699623,-0.294741224841,0.0687824812606,-0.0359251317307,-0.169490120617,0.0991455529851,0.232731719156,-0.334261032069,0.329179052547,0.353604038407,-0.394285444783,-0.39972692152,-0.278857612609,0.377773028612,0.377682333777,-0.178800815473,-0.251002520972,0.432977410358,0.265703379502,0.466992894677,-0.326352345562,-0.38908562382,-0.306169791811,-0.401925865081,0.469391604576,0.340012263553,0.250635187912
sh,0.138301326703,0.229916323396,0.123657576976,0.341400843985,0.213351847137,0.301298941142,-0.156583894969,0.159404078252,0.208546602026,-0.186926249414,-0.0237007344221,-0.0660631750407,-0.107456395929,-0.245810847235,-0.110521501538,-0.155227350005,0.279276862577,0.27903574398,0.0413680949225,0.134216562854,0.0652300827219,0.0267517827085,0.0566135365889,0.160076537909,0.119637274539,0.0857911596249,-0.394523439225,0.341747615262,0.24546692089,0.18399898838
uh,0.265248625453,-0.323498776293,-0.0851905633585,-0.345893860257,-0.192338951414,-0.258673786677,-0.290844322887,0.0705139945278,0.256193414896,0.304902456047,0.336328699546,0.0752919204918,0.033955961419,-0.223271310515,-0.188648093394,0.200496344222,-0.297398079317,-0.296212564588,-0.014619009375,-0.176490248121,-0.219423582389,-0.263797797169,0.120080812675,-0.0778400056623,-0.111165330291,0.0883434583158,0.0520166745947,-0.26139021195,-0.341459530655,-0.120893289803
oy,0.0303578846729,-0.0128423290743,0.0765392825246,0.0270295095325,0.0420377441469,-0.0156437004853,-0.0469645933139,0.0174398638976,0.0211795637878,-0.0142594994626,0.0290529423026,0.0370912736453,0.00832622515635,-0.0298364902493,0.0309689813997,0.0204061835049,0.0227848962572,0.0231206989981,-0.00220662654077,-0.0408176998903,0.0564476842391,-0.00634993679906,0.108223652045,-0.0568189913774,-0.0215119563065,0.0388738226348,-0.0704676143825,0.0588523189402,-0.0705322932514,0.00523910969671
v,-0.278785968667,0.384679438852,0.103564970709,0.0168856739432,0.356010720063,-0.138581194711,0.0777813136678,0.205826335798,0.165154246543,-0.353582008381,-0.0900306262816,0.363478297839,0.222003292342,0.268994359376,-0.317799613543,-0.335240237888,0.324528890633,0.323453486959,-0.287640111101,0.342763927567,0.0301393151756,0.409052290864,0.2569838022,-0.0039529385962,-0.0895858907467,0.393191330769,-0.384706250805,0.00993395821415,0.155380587357,0.12214421073
y,-0.292305313737,0.215370445958,0.272405986851,0.30193344776,0.290310106307,0.45143349537,0.188616901951,0.328413734406,0.415086760605,-0.373287268996,-0.389224392938,0.107513306027,-0.27979951418,-0.183620654086,0.0341753488115,-0.303015911486,0.267895310673,0.272977277871,0.321934936289,0.388129413572,-0.318423270627,-0.4366885484,-0.373272656439,0.458210927702,0.180277650176,-0.397659663588,0.132054725239,0.39515430463,0.304670826468,0.352968324402
ihn,0.0601772451399,0.00668041934485,0.101406814173,0.0656456245815,0.0127367547088,0.0101936990583,-0.0266798615229,0.0536065080667,0.0240267352434,-0.0128221707907,-0.0145357208121,0.0408521021522,0.0320299653486,-0.0453419284105,0.0219056507796,0.00158891769786,0.0375228025043,0.0377573733661,-0.0177863649054,-0.052394219953,0.0731565345216,0.0180053779558,0.09300743882,-0.0169792238094,-0.0592130961451,0.0129318467117,-0.120551848393,0.0709328918325,-0.0369845314578,0.0380895500499
z,0.0438833259723,0.349885068417,0.0525412875933,0.302391434907,0.116046054004,-0.165982310242,-0.0945483089135,-0.0710248807473,-0.251072474062,-0.233207446508,-0.17624135941,0.2688319951,0.0895736932947,0.263298758873,0.18325417608,-0.394627000709,0.320755224405,0.3191734672,-0.0760443560551,-0.0301212811599,0.0426858242492,0.171469629285,-0.263371650023,-0.342524661679,-0.238305815095,0.0500769275006,-0.466391930113,0.0269812946714,0.265875758024,-0.105463076511
uw,0.467857326906,-0.367727207877,-0.115749837784,-0.178493216655,-0.173529989681,0.376783598064,-0.312000276178,-0.221461680339,-0.271233557529,0.34644895197,0.0513622083232,0.2239764254,0.160664258037,-0.421922903033,0.407300063073,0.360449925293,-0.34265089835,-0.342378704741,-0.270202670233,-0.350979258773,-0.249360557213,0.368648778941,-0.187464235635,0.422057007422,-0.342713808492,-0.355143462217,-0.247260286414,0.399864077648,-0.388721252062,0.379254471894
uwn,0.0348141726445,0.049700266945,0.0974199642712,0.0661529913526,0.0486249096231,0.0235383539915,-0.0302696785074,0.0533858780605,0.0363448353588,-0.0535760481225,-0.0156640693775,0.0407336011512,0.0333604707714,-0.006640670175,0.0189081129093,-0.0332781317134,0.0742323134503,0.074276453215,-0.0166234532,-0.0158548646199,0.10421073641,0.0361938189259,0.090444940534,-0.0397680069945,-0.036796154733,0.0225954199962,-0.121661353114,0.104531202847,-0.0135565382579,0.0567843041309
